model,ts_floor,ctx,feasible,winner,tier,quant,cost_1m
Llama-3.2-3B,10,4096,True,1x RTX 3090,Consumer,INT4,0.012
Llama-3.2-3B,20,4096,True,1x RTX 3090,Consumer,INT4,0.012
Llama-3.2-3B,50,4096,True,1x RTX 3090,Consumer,INT4,0.012
Llama-3.2-3B,100,4096,True,1x RTX 3090,Consumer,INT4,0.012
Llama-3.2-3B,200,4096,True,1x RTX 3090,Consumer,INT4,0.012
Llama-3.2-3B,500,4096,True,1x RTX 3090,Consumer,INT4,0.012
Llama-3.2-3B,1000,4096,True,1x RTX 3090,Consumer,INT4,0.012
Llama-3.2-3B,2000,4096,True,1x RTX 3090,Consumer,INT4,0.012
Llama-3.2-3B,5000,4096,True,1x RTX 3090,Consumer,INT4,0.012
Llama-3.2-3B,10,8192,True,1x RTX 3090,Consumer,INT4,0.012
Llama-3.2-3B,20,8192,True,1x RTX 3090,Consumer,INT4,0.012
Llama-3.2-3B,50,8192,True,1x RTX 3090,Consumer,INT4,0.012
Llama-3.2-3B,100,8192,True,1x RTX 3090,Consumer,INT4,0.012
Llama-3.2-3B,200,8192,True,1x RTX 3090,Consumer,INT4,0.012
Llama-3.2-3B,500,8192,True,1x RTX 3090,Consumer,INT4,0.012
Llama-3.2-3B,1000,8192,True,1x RTX 3090,Consumer,INT4,0.012
Llama-3.2-3B,2000,8192,True,1x RTX 3090,Consumer,INT4,0.012
Llama-3.2-3B,5000,8192,True,1x RTX 3090,Consumer,INT4,0.012
Llama-3.2-3B,10,16384,True,1x RTX 3090,Consumer,INT4,0.012
Llama-3.2-3B,20,16384,True,1x RTX 3090,Consumer,INT4,0.012
Llama-3.2-3B,50,16384,True,1x RTX 3090,Consumer,INT4,0.012
Llama-3.2-3B,100,16384,True,1x RTX 3090,Consumer,INT4,0.012
Llama-3.2-3B,200,16384,True,1x RTX 3090,Consumer,INT4,0.012
Llama-3.2-3B,500,16384,True,1x RTX 3090,Consumer,INT4,0.012
Llama-3.2-3B,1000,16384,True,1x RTX 3090,Consumer,INT4,0.012
Llama-3.2-3B,2000,16384,True,1x RTX 3090,Consumer,INT4,0.012
Llama-3.2-3B,5000,16384,True,1x RTX 3090,Consumer,INT4,0.012
Llama-3.2-3B,10,32768,True,1x RTX 3090,Consumer,INT4,0.012
Llama-3.2-3B,20,32768,True,1x RTX 3090,Consumer,INT4,0.012
Llama-3.2-3B,50,32768,True,1x RTX 3090,Consumer,INT4,0.012
Llama-3.2-3B,100,32768,True,1x RTX 3090,Consumer,INT4,0.012
Llama-3.2-3B,200,32768,True,1x RTX 3090,Consumer,INT4,0.012
Llama-3.2-3B,500,32768,True,1x RTX 3090,Consumer,INT4,0.012
Llama-3.2-3B,1000,32768,True,1x RTX 3090,Consumer,INT4,0.012
Llama-3.2-3B,2000,32768,True,1x RTX 3090,Consumer,INT4,0.012
Llama-3.2-3B,5000,32768,True,1x RTX 3090,Consumer,INT4,0.012
Llama-3.2-3B,10,65536,True,1x RTX 3090,Consumer,INT4,0.012
Llama-3.2-3B,20,65536,True,1x RTX 3090,Consumer,INT4,0.012
Llama-3.2-3B,50,65536,True,1x RTX 3090,Consumer,INT4,0.012
Llama-3.2-3B,100,65536,True,1x RTX 3090,Consumer,INT4,0.012
Llama-3.2-3B,200,65536,True,1x RTX 3090,Consumer,INT4,0.012
Llama-3.2-3B,500,65536,True,1x RTX 3090,Consumer,INT4,0.012
Llama-3.2-3B,1000,65536,True,1x RTX 3090,Consumer,INT4,0.012
Llama-3.2-3B,2000,65536,True,1x RTX 3090,Consumer,INT4,0.012
Llama-3.2-3B,5000,65536,True,1x RTX 3090,Consumer,INT4,0.012
Llama-3.2-3B,10,131072,True,1x RTX 3090,Consumer,INT4,0.012
Llama-3.2-3B,20,131072,True,1x RTX 3090,Consumer,INT4,0.012
Llama-3.2-3B,50,131072,True,1x RTX 3090,Consumer,INT4,0.012
Llama-3.2-3B,100,131072,True,1x RTX 3090,Consumer,INT4,0.012
Llama-3.2-3B,200,131072,True,1x RTX 3090,Consumer,INT4,0.012
Llama-3.2-3B,500,131072,True,1x RTX 3090,Consumer,INT4,0.012
Llama-3.2-3B,1000,131072,True,1x RTX 3090,Consumer,INT4,0.012
Llama-3.2-3B,2000,131072,True,1x RTX 3090,Consumer,INT4,0.012
Llama-3.2-3B,5000,131072,True,1x RTX 3090,Consumer,INT4,0.012
Llama-3.1-8B,10,4096,True,2x RTX 3090,Consumer,INT4,0.033
Llama-3.1-8B,20,4096,True,2x RTX 3090,Consumer,INT4,0.033
Llama-3.1-8B,50,4096,True,2x RTX 3090,Consumer,INT4,0.033
Llama-3.1-8B,100,4096,True,2x RTX 3090,Consumer,INT4,0.033
Llama-3.1-8B,200,4096,True,2x RTX 3090,Consumer,INT4,0.033
Llama-3.1-8B,500,4096,True,2x RTX 3090,Consumer,INT4,0.033
Llama-3.1-8B,1000,4096,True,2x RTX 3090,Consumer,INT4,0.033
Llama-3.1-8B,2000,4096,True,2x RTX 3090,Consumer,INT4,0.033
Llama-3.1-8B,5000,4096,True,4x RTX 4090,Consumer,INT4,0.055
Llama-3.1-8B,10,8192,True,2x RTX 3090,Consumer,INT4,0.033
Llama-3.1-8B,20,8192,True,2x RTX 3090,Consumer,INT4,0.033
Llama-3.1-8B,50,8192,True,2x RTX 3090,Consumer,INT4,0.033
Llama-3.1-8B,100,8192,True,2x RTX 3090,Consumer,INT4,0.033
Llama-3.1-8B,200,8192,True,2x RTX 3090,Consumer,INT4,0.033
Llama-3.1-8B,500,8192,True,2x RTX 3090,Consumer,INT4,0.033
Llama-3.1-8B,1000,8192,True,2x RTX 3090,Consumer,INT4,0.033
Llama-3.1-8B,2000,8192,True,2x RTX 3090,Consumer,INT4,0.033
Llama-3.1-8B,5000,8192,True,4x RTX 4090,Consumer,INT4,0.055
Llama-3.1-8B,10,16384,True,2x RTX 3090,Consumer,INT4,0.033
Llama-3.1-8B,20,16384,True,2x RTX 3090,Consumer,INT4,0.033
Llama-3.1-8B,50,16384,True,2x RTX 3090,Consumer,INT4,0.033
Llama-3.1-8B,100,16384,True,2x RTX 3090,Consumer,INT4,0.033
Llama-3.1-8B,200,16384,True,2x RTX 3090,Consumer,INT4,0.033
Llama-3.1-8B,500,16384,True,2x RTX 3090,Consumer,INT4,0.033
Llama-3.1-8B,1000,16384,True,2x RTX 3090,Consumer,INT4,0.033
Llama-3.1-8B,2000,16384,True,2x RTX 3090,Consumer,INT4,0.033
Llama-3.1-8B,5000,16384,True,4x RTX 4090,Consumer,INT4,0.055
Llama-3.1-8B,10,32768,True,2x RTX 3090,Consumer,INT4,0.033
Llama-3.1-8B,20,32768,True,2x RTX 3090,Consumer,INT4,0.033
Llama-3.1-8B,50,32768,True,2x RTX 3090,Consumer,INT4,0.033
Llama-3.1-8B,100,32768,True,2x RTX 3090,Consumer,INT4,0.033
Llama-3.1-8B,200,32768,True,2x RTX 3090,Consumer,INT4,0.033
Llama-3.1-8B,500,32768,True,2x RTX 3090,Consumer,INT4,0.033
Llama-3.1-8B,1000,32768,True,2x RTX 3090,Consumer,INT4,0.033
Llama-3.1-8B,2000,32768,True,2x RTX 3090,Consumer,INT4,0.033
Llama-3.1-8B,5000,32768,True,4x RTX 4090,Consumer,INT4,0.055
Llama-3.1-8B,10,65536,True,2x RTX 3090,Consumer,INT4,0.033
Llama-3.1-8B,20,65536,True,2x RTX 3090,Consumer,INT4,0.033
Llama-3.1-8B,50,65536,True,2x RTX 3090,Consumer,INT4,0.033
Llama-3.1-8B,100,65536,True,2x RTX 3090,Consumer,INT4,0.033
Llama-3.1-8B,200,65536,True,2x RTX 3090,Consumer,INT4,0.033
Llama-3.1-8B,500,65536,True,2x RTX 3090,Consumer,INT4,0.033
Llama-3.1-8B,1000,65536,True,2x RTX 3090,Consumer,INT4,0.033
Llama-3.1-8B,2000,65536,True,2x RTX 3090,Consumer,INT4,0.033
Llama-3.1-8B,5000,65536,True,4x RTX 4090,Consumer,INT4,0.055
Llama-3.1-8B,10,131072,True,2x RTX 3090,Consumer,INT4,0.033
Llama-3.1-8B,20,131072,True,2x RTX 3090,Consumer,INT4,0.033
Llama-3.1-8B,50,131072,True,2x RTX 3090,Consumer,INT4,0.033
Llama-3.1-8B,100,131072,True,2x RTX 3090,Consumer,INT4,0.033
Llama-3.1-8B,200,131072,True,2x RTX 3090,Consumer,INT4,0.033
Llama-3.1-8B,500,131072,True,2x RTX 3090,Consumer,INT4,0.033
Llama-3.1-8B,1000,131072,True,2x RTX 3090,Consumer,INT4,0.033
Llama-3.1-8B,2000,131072,True,2x RTX 3090,Consumer,INT4,0.033
Llama-3.1-8B,5000,131072,True,4x RTX 4090,Consumer,INT4,0.055
Gemma-3-12B,10,4096,True,2x RTX 3090,Consumer,INT4,0.053
Gemma-3-12B,20,4096,True,2x RTX 3090,Consumer,INT4,0.053
Gemma-3-12B,50,4096,True,2x RTX 3090,Consumer,INT4,0.053
Gemma-3-12B,100,4096,True,2x RTX 3090,Consumer,INT4,0.053
Gemma-3-12B,200,4096,True,2x RTX 3090,Consumer,INT4,0.053
Gemma-3-12B,500,4096,True,2x RTX 3090,Consumer,INT4,0.053
Gemma-3-12B,1000,4096,True,2x RTX 3090,Consumer,INT4,0.053
Gemma-3-12B,2000,4096,True,2x RTX 3090,Consumer,INT4,0.053
Gemma-3-12B,5000,4096,True,1x H100 SXM,Enterprise,INT4,0.131
Gemma-3-12B,10,8192,True,2x RTX 3090,Consumer,INT4,0.053
Gemma-3-12B,20,8192,True,2x RTX 3090,Consumer,INT4,0.053
Gemma-3-12B,50,8192,True,2x RTX 3090,Consumer,INT4,0.053
Gemma-3-12B,100,8192,True,2x RTX 3090,Consumer,INT4,0.053
Gemma-3-12B,200,8192,True,2x RTX 3090,Consumer,INT4,0.053
Gemma-3-12B,500,8192,True,2x RTX 3090,Consumer,INT4,0.053
Gemma-3-12B,1000,8192,True,2x RTX 3090,Consumer,INT4,0.053
Gemma-3-12B,2000,8192,True,2x RTX 3090,Consumer,INT4,0.053
Gemma-3-12B,5000,8192,True,1x H100 SXM,Enterprise,INT4,0.131
Gemma-3-12B,10,16384,True,2x RTX 3090,Consumer,INT4,0.053
Gemma-3-12B,20,16384,True,2x RTX 3090,Consumer,INT4,0.053
Gemma-3-12B,50,16384,True,2x RTX 3090,Consumer,INT4,0.053
Gemma-3-12B,100,16384,True,2x RTX 3090,Consumer,INT4,0.053
Gemma-3-12B,200,16384,True,2x RTX 3090,Consumer,INT4,0.053
Gemma-3-12B,500,16384,True,2x RTX 3090,Consumer,INT4,0.053
Gemma-3-12B,1000,16384,True,2x RTX 3090,Consumer,INT4,0.053
Gemma-3-12B,2000,16384,True,2x RTX 3090,Consumer,INT4,0.053
Gemma-3-12B,5000,16384,True,1x H100 SXM,Enterprise,INT4,0.131
Gemma-3-12B,10,32768,True,2x RTX 3090,Consumer,INT4,0.053
Gemma-3-12B,20,32768,True,2x RTX 3090,Consumer,INT4,0.053
Gemma-3-12B,50,32768,True,2x RTX 3090,Consumer,INT4,0.053
Gemma-3-12B,100,32768,True,2x RTX 3090,Consumer,INT4,0.053
Gemma-3-12B,200,32768,True,2x RTX 3090,Consumer,INT4,0.053
Gemma-3-12B,500,32768,True,2x RTX 3090,Consumer,INT4,0.053
Gemma-3-12B,1000,32768,True,2x RTX 3090,Consumer,INT4,0.053
Gemma-3-12B,2000,32768,True,2x RTX 3090,Consumer,INT4,0.053
Gemma-3-12B,5000,32768,True,1x H100 SXM,Enterprise,INT4,0.131
Gemma-3-12B,10,65536,True,2x RTX 3090,Consumer,INT4,0.053
Gemma-3-12B,20,65536,True,2x RTX 3090,Consumer,INT4,0.053
Gemma-3-12B,50,65536,True,2x RTX 3090,Consumer,INT4,0.053
Gemma-3-12B,100,65536,True,2x RTX 3090,Consumer,INT4,0.053
Gemma-3-12B,200,65536,True,2x RTX 3090,Consumer,INT4,0.053
Gemma-3-12B,500,65536,True,2x RTX 3090,Consumer,INT4,0.053
Gemma-3-12B,1000,65536,True,2x RTX 3090,Consumer,INT4,0.053
Gemma-3-12B,2000,65536,True,2x RTX 3090,Consumer,INT4,0.053
Gemma-3-12B,5000,65536,True,1x H100 SXM,Enterprise,INT4,0.131
Gemma-3-12B,10,131072,True,2x RTX 3090,Consumer,INT4,0.053
Gemma-3-12B,20,131072,True,2x RTX 3090,Consumer,INT4,0.053
Gemma-3-12B,50,131072,True,2x RTX 3090,Consumer,INT4,0.053
Gemma-3-12B,100,131072,True,2x RTX 3090,Consumer,INT4,0.053
Gemma-3-12B,200,131072,True,2x RTX 3090,Consumer,INT4,0.053
Gemma-3-12B,500,131072,True,2x RTX 3090,Consumer,INT4,0.053
Gemma-3-12B,1000,131072,True,2x RTX 3090,Consumer,INT4,0.053
Gemma-3-12B,2000,131072,True,2x RTX 3090,Consumer,INT4,0.053
Gemma-3-12B,5000,131072,True,1x H100 SXM,Enterprise,INT4,0.131
Phi-4-14B,10,4096,True,2x RTX 3090,Consumer,INT4,0.066
Phi-4-14B,20,4096,True,2x RTX 3090,Consumer,INT4,0.066
Phi-4-14B,50,4096,True,2x RTX 3090,Consumer,INT4,0.066
Phi-4-14B,100,4096,True,2x RTX 3090,Consumer,INT4,0.066
Phi-4-14B,200,4096,True,2x RTX 3090,Consumer,INT4,0.066
Phi-4-14B,500,4096,True,2x RTX 3090,Consumer,INT4,0.066
Phi-4-14B,1000,4096,True,2x RTX 3090,Consumer,INT4,0.066
Phi-4-14B,2000,4096,True,2x RTX 4090,Consumer,INT4,0.094
Phi-4-14B,5000,4096,True,1x H200 SXM,Enterprise,INT4,0.146
Phi-4-14B,10,8192,True,2x RTX 3090,Consumer,INT4,0.066
Phi-4-14B,20,8192,True,2x RTX 3090,Consumer,INT4,0.066
Phi-4-14B,50,8192,True,2x RTX 3090,Consumer,INT4,0.066
Phi-4-14B,100,8192,True,2x RTX 3090,Consumer,INT4,0.066
Phi-4-14B,200,8192,True,2x RTX 3090,Consumer,INT4,0.066
Phi-4-14B,500,8192,True,2x RTX 3090,Consumer,INT4,0.066
Phi-4-14B,1000,8192,True,2x RTX 3090,Consumer,INT4,0.066
Phi-4-14B,2000,8192,True,2x RTX 4090,Consumer,INT4,0.094
Phi-4-14B,5000,8192,True,1x H200 SXM,Enterprise,INT4,0.146
Phi-4-14B,10,16384,True,2x RTX 3090,Consumer,INT4,0.066
Phi-4-14B,20,16384,True,2x RTX 3090,Consumer,INT4,0.066
Phi-4-14B,50,16384,True,2x RTX 3090,Consumer,INT4,0.066
Phi-4-14B,100,16384,True,2x RTX 3090,Consumer,INT4,0.066
Phi-4-14B,200,16384,True,2x RTX 3090,Consumer,INT4,0.066
Phi-4-14B,500,16384,True,2x RTX 3090,Consumer,INT4,0.066
Phi-4-14B,1000,16384,True,2x RTX 3090,Consumer,INT4,0.066
Phi-4-14B,2000,16384,True,2x RTX 4090,Consumer,INT4,0.094
Phi-4-14B,5000,16384,True,1x H200 SXM,Enterprise,INT4,0.146
Phi-4-14B,10,32768,False,,,,
Phi-4-14B,20,32768,False,,,,
Phi-4-14B,50,32768,False,,,,
Phi-4-14B,100,32768,False,,,,
Phi-4-14B,200,32768,False,,,,
Phi-4-14B,500,32768,False,,,,
Phi-4-14B,1000,32768,False,,,,
Phi-4-14B,2000,32768,False,,,,
Phi-4-14B,5000,32768,False,,,,
Phi-4-14B,10,65536,False,,,,
Phi-4-14B,20,65536,False,,,,
Phi-4-14B,50,65536,False,,,,
Phi-4-14B,100,65536,False,,,,
Phi-4-14B,200,65536,False,,,,
Phi-4-14B,500,65536,False,,,,
Phi-4-14B,1000,65536,False,,,,
Phi-4-14B,2000,65536,False,,,,
Phi-4-14B,5000,65536,False,,,,
Phi-4-14B,10,131072,False,,,,
Phi-4-14B,20,131072,False,,,,
Phi-4-14B,50,131072,False,,,,
Phi-4-14B,100,131072,False,,,,
Phi-4-14B,200,131072,False,,,,
Phi-4-14B,500,131072,False,,,,
Phi-4-14B,1000,131072,False,,,,
Phi-4-14B,2000,131072,False,,,,
Phi-4-14B,5000,131072,False,,,,
Qwen3-14B,10,4096,True,2x RTX 3090,Consumer,INT4,0.066
Qwen3-14B,20,4096,True,2x RTX 3090,Consumer,INT4,0.066
Qwen3-14B,50,4096,True,2x RTX 3090,Consumer,INT4,0.066
Qwen3-14B,100,4096,True,2x RTX 3090,Consumer,INT4,0.066
Qwen3-14B,200,4096,True,2x RTX 3090,Consumer,INT4,0.066
Qwen3-14B,500,4096,True,2x RTX 3090,Consumer,INT4,0.066
Qwen3-14B,1000,4096,True,2x RTX 3090,Consumer,INT4,0.066
Qwen3-14B,2000,4096,True,2x RTX 4090,Consumer,INT4,0.094
Qwen3-14B,5000,4096,True,1x H200 SXM,Enterprise,INT4,0.146
Qwen3-14B,10,8192,True,2x RTX 3090,Consumer,INT4,0.066
Qwen3-14B,20,8192,True,2x RTX 3090,Consumer,INT4,0.066
Qwen3-14B,50,8192,True,2x RTX 3090,Consumer,INT4,0.066
Qwen3-14B,100,8192,True,2x RTX 3090,Consumer,INT4,0.066
Qwen3-14B,200,8192,True,2x RTX 3090,Consumer,INT4,0.066
Qwen3-14B,500,8192,True,2x RTX 3090,Consumer,INT4,0.066
Qwen3-14B,1000,8192,True,2x RTX 3090,Consumer,INT4,0.066
Qwen3-14B,2000,8192,True,2x RTX 4090,Consumer,INT4,0.094
Qwen3-14B,5000,8192,True,1x H200 SXM,Enterprise,INT4,0.146
Qwen3-14B,10,16384,True,2x RTX 3090,Consumer,INT4,0.066
Qwen3-14B,20,16384,True,2x RTX 3090,Consumer,INT4,0.066
Qwen3-14B,50,16384,True,2x RTX 3090,Consumer,INT4,0.066
Qwen3-14B,100,16384,True,2x RTX 3090,Consumer,INT4,0.066
Qwen3-14B,200,16384,True,2x RTX 3090,Consumer,INT4,0.066
Qwen3-14B,500,16384,True,2x RTX 3090,Consumer,INT4,0.066
Qwen3-14B,1000,16384,True,2x RTX 3090,Consumer,INT4,0.066
Qwen3-14B,2000,16384,True,2x RTX 4090,Consumer,INT4,0.094
Qwen3-14B,5000,16384,True,1x H200 SXM,Enterprise,INT4,0.146
Qwen3-14B,10,32768,True,2x RTX 3090,Consumer,INT4,0.066
Qwen3-14B,20,32768,True,2x RTX 3090,Consumer,INT4,0.066
Qwen3-14B,50,32768,True,2x RTX 3090,Consumer,INT4,0.066
Qwen3-14B,100,32768,True,2x RTX 3090,Consumer,INT4,0.066
Qwen3-14B,200,32768,True,2x RTX 3090,Consumer,INT4,0.066
Qwen3-14B,500,32768,True,2x RTX 3090,Consumer,INT4,0.066
Qwen3-14B,1000,32768,True,2x RTX 3090,Consumer,INT4,0.066
Qwen3-14B,2000,32768,True,2x RTX 4090,Consumer,INT4,0.094
Qwen3-14B,5000,32768,True,1x H200 SXM,Enterprise,INT4,0.146
Qwen3-14B,10,65536,True,2x RTX 3090,Consumer,INT4,0.066
Qwen3-14B,20,65536,True,2x RTX 3090,Consumer,INT4,0.066
Qwen3-14B,50,65536,True,2x RTX 3090,Consumer,INT4,0.066
Qwen3-14B,100,65536,True,2x RTX 3090,Consumer,INT4,0.066
Qwen3-14B,200,65536,True,2x RTX 3090,Consumer,INT4,0.066
Qwen3-14B,500,65536,True,2x RTX 3090,Consumer,INT4,0.066
Qwen3-14B,1000,65536,True,2x RTX 3090,Consumer,INT4,0.066
Qwen3-14B,2000,65536,True,2x RTX 4090,Consumer,INT4,0.094
Qwen3-14B,5000,65536,True,1x H200 SXM,Enterprise,INT4,0.146
Qwen3-14B,10,131072,True,2x RTX 3090,Consumer,INT4,0.066
Qwen3-14B,20,131072,True,2x RTX 3090,Consumer,INT4,0.066
Qwen3-14B,50,131072,True,2x RTX 3090,Consumer,INT4,0.066
Qwen3-14B,100,131072,True,2x RTX 3090,Consumer,INT4,0.066
Qwen3-14B,200,131072,True,2x RTX 3090,Consumer,INT4,0.066
Qwen3-14B,500,131072,True,2x RTX 3090,Consumer,INT4,0.066
Qwen3-14B,1000,131072,True,2x RTX 3090,Consumer,INT4,0.066
Qwen3-14B,2000,131072,True,2x RTX 4090,Consumer,INT4,0.094
Qwen3-14B,5000,131072,True,1x H200 SXM,Enterprise,INT4,0.146
Mistral-Small-3.1-24B,10,4096,True,2x RTX 3090,Consumer,INT4,0.157
Mistral-Small-3.1-24B,20,4096,True,2x RTX 3090,Consumer,INT4,0.157
Mistral-Small-3.1-24B,50,4096,True,2x RTX 3090,Consumer,INT4,0.157
Mistral-Small-3.1-24B,100,4096,True,2x RTX 3090,Consumer,INT4,0.157
Mistral-Small-3.1-24B,200,4096,True,2x RTX 3090,Consumer,INT4,0.157
Mistral-Small-3.1-24B,500,4096,True,2x RTX 3090,Consumer,INT4,0.157
Mistral-Small-3.1-24B,1000,4096,True,4x RTX 4090,Consumer,INT4,0.165
Mistral-Small-3.1-24B,2000,4096,True,4x RTX 4090,Consumer,INT4,0.165
Mistral-Small-3.1-24B,5000,4096,False,,,,
Mistral-Small-3.1-24B,10,8192,True,2x RTX 3090,Consumer,INT4,0.157
Mistral-Small-3.1-24B,20,8192,True,2x RTX 3090,Consumer,INT4,0.157
Mistral-Small-3.1-24B,50,8192,True,2x RTX 3090,Consumer,INT4,0.157
Mistral-Small-3.1-24B,100,8192,True,2x RTX 3090,Consumer,INT4,0.157
Mistral-Small-3.1-24B,200,8192,True,2x RTX 3090,Consumer,INT4,0.157
Mistral-Small-3.1-24B,500,8192,True,2x RTX 3090,Consumer,INT4,0.157
Mistral-Small-3.1-24B,1000,8192,True,4x RTX 4090,Consumer,INT4,0.165
Mistral-Small-3.1-24B,2000,8192,True,4x RTX 4090,Consumer,INT4,0.165
Mistral-Small-3.1-24B,5000,8192,False,,,,
Mistral-Small-3.1-24B,10,16384,True,2x RTX 3090,Consumer,INT4,0.157
Mistral-Small-3.1-24B,20,16384,True,2x RTX 3090,Consumer,INT4,0.157
Mistral-Small-3.1-24B,50,16384,True,2x RTX 3090,Consumer,INT4,0.157
Mistral-Small-3.1-24B,100,16384,True,2x RTX 3090,Consumer,INT4,0.157
Mistral-Small-3.1-24B,200,16384,True,2x RTX 3090,Consumer,INT4,0.157
Mistral-Small-3.1-24B,500,16384,True,2x RTX 3090,Consumer,INT4,0.157
Mistral-Small-3.1-24B,1000,16384,True,4x RTX 4090,Consumer,INT4,0.165
Mistral-Small-3.1-24B,2000,16384,True,4x RTX 4090,Consumer,INT4,0.165
Mistral-Small-3.1-24B,5000,16384,False,,,,
Mistral-Small-3.1-24B,10,32768,True,2x RTX 3090,Consumer,INT4,0.157
Mistral-Small-3.1-24B,20,32768,True,2x RTX 3090,Consumer,INT4,0.157
Mistral-Small-3.1-24B,50,32768,True,2x RTX 3090,Consumer,INT4,0.157
Mistral-Small-3.1-24B,100,32768,True,2x RTX 3090,Consumer,INT4,0.157
Mistral-Small-3.1-24B,200,32768,True,2x RTX 3090,Consumer,INT4,0.157
Mistral-Small-3.1-24B,500,32768,True,2x RTX 3090,Consumer,INT4,0.157
Mistral-Small-3.1-24B,1000,32768,True,4x RTX 4090,Consumer,INT4,0.165
Mistral-Small-3.1-24B,2000,32768,True,4x RTX 4090,Consumer,INT4,0.165
Mistral-Small-3.1-24B,5000,32768,False,,,,
Mistral-Small-3.1-24B,10,65536,True,2x RTX 3090,Consumer,INT4,0.157
Mistral-Small-3.1-24B,20,65536,True,2x RTX 3090,Consumer,INT4,0.157
Mistral-Small-3.1-24B,50,65536,True,2x RTX 3090,Consumer,INT4,0.157
Mistral-Small-3.1-24B,100,65536,True,2x RTX 3090,Consumer,INT4,0.157
Mistral-Small-3.1-24B,200,65536,True,2x RTX 3090,Consumer,INT4,0.157
Mistral-Small-3.1-24B,500,65536,True,2x RTX 3090,Consumer,INT4,0.157
Mistral-Small-3.1-24B,1000,65536,True,4x RTX 4090,Consumer,INT4,0.165
Mistral-Small-3.1-24B,2000,65536,True,4x RTX 4090,Consumer,INT4,0.165
Mistral-Small-3.1-24B,5000,65536,False,,,,
Mistral-Small-3.1-24B,10,131072,True,2x RTX 3090,Consumer,INT4,0.157
Mistral-Small-3.1-24B,20,131072,True,2x RTX 3090,Consumer,INT4,0.157
Mistral-Small-3.1-24B,50,131072,True,2x RTX 3090,Consumer,INT4,0.157
Mistral-Small-3.1-24B,100,131072,True,2x RTX 3090,Consumer,INT4,0.157
Mistral-Small-3.1-24B,200,131072,True,2x RTX 3090,Consumer,INT4,0.157
Mistral-Small-3.1-24B,500,131072,True,2x RTX 3090,Consumer,INT4,0.157
Mistral-Small-3.1-24B,1000,131072,True,4x RTX 4090,Consumer,INT4,0.165
Mistral-Small-3.1-24B,2000,131072,True,4x RTX 4090,Consumer,INT4,0.165
Mistral-Small-3.1-24B,5000,131072,False,,,,
Gemma-3-27B,10,4096,True,4x RTX 4090,Consumer,INT4,0.186
Gemma-3-27B,20,4096,True,4x RTX 4090,Consumer,INT4,0.186
Gemma-3-27B,50,4096,True,4x RTX 4090,Consumer,INT4,0.186
Gemma-3-27B,100,4096,True,4x RTX 4090,Consumer,INT4,0.186
Gemma-3-27B,200,4096,True,4x RTX 4090,Consumer,INT4,0.186
Gemma-3-27B,500,4096,True,4x RTX 4090,Consumer,INT4,0.186
Gemma-3-27B,1000,4096,True,4x RTX 4090,Consumer,INT4,0.186
Gemma-3-27B,2000,4096,True,4x RTX 4090,Consumer,INT4,0.186
Gemma-3-27B,5000,4096,False,,,,
Gemma-3-27B,10,8192,True,4x RTX 4090,Consumer,INT4,0.186
Gemma-3-27B,20,8192,True,4x RTX 4090,Consumer,INT4,0.186
Gemma-3-27B,50,8192,True,4x RTX 4090,Consumer,INT4,0.186
Gemma-3-27B,100,8192,True,4x RTX 4090,Consumer,INT4,0.186
Gemma-3-27B,200,8192,True,4x RTX 4090,Consumer,INT4,0.186
Gemma-3-27B,500,8192,True,4x RTX 4090,Consumer,INT4,0.186
Gemma-3-27B,1000,8192,True,4x RTX 4090,Consumer,INT4,0.186
Gemma-3-27B,2000,8192,True,4x RTX 4090,Consumer,INT4,0.186
Gemma-3-27B,5000,8192,False,,,,
Gemma-3-27B,10,16384,True,4x RTX 4090,Consumer,INT4,0.186
Gemma-3-27B,20,16384,True,4x RTX 4090,Consumer,INT4,0.186
Gemma-3-27B,50,16384,True,4x RTX 4090,Consumer,INT4,0.186
Gemma-3-27B,100,16384,True,4x RTX 4090,Consumer,INT4,0.186
Gemma-3-27B,200,16384,True,4x RTX 4090,Consumer,INT4,0.186
Gemma-3-27B,500,16384,True,4x RTX 4090,Consumer,INT4,0.186
Gemma-3-27B,1000,16384,True,4x RTX 4090,Consumer,INT4,0.186
Gemma-3-27B,2000,16384,True,4x RTX 4090,Consumer,INT4,0.186
Gemma-3-27B,5000,16384,False,,,,
Gemma-3-27B,10,32768,True,4x RTX 4090,Consumer,INT4,0.186
Gemma-3-27B,20,32768,True,4x RTX 4090,Consumer,INT4,0.186
Gemma-3-27B,50,32768,True,4x RTX 4090,Consumer,INT4,0.186
Gemma-3-27B,100,32768,True,4x RTX 4090,Consumer,INT4,0.186
Gemma-3-27B,200,32768,True,4x RTX 4090,Consumer,INT4,0.186
Gemma-3-27B,500,32768,True,4x RTX 4090,Consumer,INT4,0.186
Gemma-3-27B,1000,32768,True,4x RTX 4090,Consumer,INT4,0.186
Gemma-3-27B,2000,32768,True,4x RTX 4090,Consumer,INT4,0.186
Gemma-3-27B,5000,32768,False,,,,
Gemma-3-27B,10,65536,True,4x RTX 4090,Consumer,INT4,0.186
Gemma-3-27B,20,65536,True,4x RTX 4090,Consumer,INT4,0.186
Gemma-3-27B,50,65536,True,4x RTX 4090,Consumer,INT4,0.186
Gemma-3-27B,100,65536,True,4x RTX 4090,Consumer,INT4,0.186
Gemma-3-27B,200,65536,True,4x RTX 4090,Consumer,INT4,0.186
Gemma-3-27B,500,65536,True,4x RTX 4090,Consumer,INT4,0.186
Gemma-3-27B,1000,65536,True,4x RTX 4090,Consumer,INT4,0.186
Gemma-3-27B,2000,65536,True,4x RTX 4090,Consumer,INT4,0.186
Gemma-3-27B,5000,65536,False,,,,
Gemma-3-27B,10,131072,True,4x RTX 4090,Consumer,INT4,0.186
Gemma-3-27B,20,131072,True,4x RTX 4090,Consumer,INT4,0.186
Gemma-3-27B,50,131072,True,4x RTX 4090,Consumer,INT4,0.186
Gemma-3-27B,100,131072,True,4x RTX 4090,Consumer,INT4,0.186
Gemma-3-27B,200,131072,True,4x RTX 4090,Consumer,INT4,0.186
Gemma-3-27B,500,131072,True,4x RTX 4090,Consumer,INT4,0.186
Gemma-3-27B,1000,131072,True,4x RTX 4090,Consumer,INT4,0.186
Gemma-3-27B,2000,131072,True,4x RTX 4090,Consumer,INT4,0.186
Gemma-3-27B,5000,131072,False,,,,
Qwen3-32B,10,4096,True,4x RTX 4090,Consumer,INT4,0.22
Qwen3-32B,20,4096,True,4x RTX 4090,Consumer,INT4,0.22
Qwen3-32B,50,4096,True,4x RTX 4090,Consumer,INT4,0.22
Qwen3-32B,100,4096,True,4x RTX 4090,Consumer,INT4,0.22
Qwen3-32B,200,4096,True,4x RTX 4090,Consumer,INT4,0.22
Qwen3-32B,500,4096,True,4x RTX 4090,Consumer,INT4,0.22
Qwen3-32B,1000,4096,True,4x RTX 4090,Consumer,INT4,0.22
Qwen3-32B,2000,4096,True,1x H200 SXM,Enterprise,INT4,0.333
Qwen3-32B,5000,4096,False,,,,
Qwen3-32B,10,8192,True,4x RTX 4090,Consumer,INT4,0.22
Qwen3-32B,20,8192,True,4x RTX 4090,Consumer,INT4,0.22
Qwen3-32B,50,8192,True,4x RTX 4090,Consumer,INT4,0.22
Qwen3-32B,100,8192,True,4x RTX 4090,Consumer,INT4,0.22
Qwen3-32B,200,8192,True,4x RTX 4090,Consumer,INT4,0.22
Qwen3-32B,500,8192,True,4x RTX 4090,Consumer,INT4,0.22
Qwen3-32B,1000,8192,True,4x RTX 4090,Consumer,INT4,0.22
Qwen3-32B,2000,8192,True,1x H200 SXM,Enterprise,INT4,0.333
Qwen3-32B,5000,8192,False,,,,
Qwen3-32B,10,16384,True,4x RTX 4090,Consumer,INT4,0.22
Qwen3-32B,20,16384,True,4x RTX 4090,Consumer,INT4,0.22
Qwen3-32B,50,16384,True,4x RTX 4090,Consumer,INT4,0.22
Qwen3-32B,100,16384,True,4x RTX 4090,Consumer,INT4,0.22
Qwen3-32B,200,16384,True,4x RTX 4090,Consumer,INT4,0.22
Qwen3-32B,500,16384,True,4x RTX 4090,Consumer,INT4,0.22
Qwen3-32B,1000,16384,True,4x RTX 4090,Consumer,INT4,0.22
Qwen3-32B,2000,16384,True,1x H200 SXM,Enterprise,INT4,0.333
Qwen3-32B,5000,16384,False,,,,
Qwen3-32B,10,32768,True,4x RTX 4090,Consumer,INT4,0.22
Qwen3-32B,20,32768,True,4x RTX 4090,Consumer,INT4,0.22
Qwen3-32B,50,32768,True,4x RTX 4090,Consumer,INT4,0.22
Qwen3-32B,100,32768,True,4x RTX 4090,Consumer,INT4,0.22
Qwen3-32B,200,32768,True,4x RTX 4090,Consumer,INT4,0.22
Qwen3-32B,500,32768,True,4x RTX 4090,Consumer,INT4,0.22
Qwen3-32B,1000,32768,True,4x RTX 4090,Consumer,INT4,0.22
Qwen3-32B,2000,32768,True,1x H200 SXM,Enterprise,INT4,0.333
Qwen3-32B,5000,32768,False,,,,
Qwen3-32B,10,65536,True,4x RTX 4090,Consumer,INT4,0.22
Qwen3-32B,20,65536,True,4x RTX 4090,Consumer,INT4,0.22
Qwen3-32B,50,65536,True,4x RTX 4090,Consumer,INT4,0.22
Qwen3-32B,100,65536,True,4x RTX 4090,Consumer,INT4,0.22
Qwen3-32B,200,65536,True,4x RTX 4090,Consumer,INT4,0.22
Qwen3-32B,500,65536,True,4x RTX 4090,Consumer,INT4,0.22
Qwen3-32B,1000,65536,True,4x RTX 4090,Consumer,INT4,0.22
Qwen3-32B,2000,65536,True,1x H200 SXM,Enterprise,INT4,0.333
Qwen3-32B,5000,65536,False,,,,
Qwen3-32B,10,131072,True,4x RTX 4090,Consumer,INT4,0.22
Qwen3-32B,20,131072,True,4x RTX 4090,Consumer,INT4,0.22
Qwen3-32B,50,131072,True,4x RTX 4090,Consumer,INT4,0.22
Qwen3-32B,100,131072,True,4x RTX 4090,Consumer,INT4,0.22
Qwen3-32B,200,131072,True,4x RTX 4090,Consumer,INT4,0.22
Qwen3-32B,500,131072,True,4x RTX 4090,Consumer,INT4,0.22
Qwen3-32B,1000,131072,True,4x RTX 4090,Consumer,INT4,0.22
Qwen3-32B,2000,131072,True,1x H200 SXM,Enterprise,INT4,0.333
Qwen3-32B,5000,131072,False,,,,
Llama-3.3-70B,10,4096,True,1x H200 SXM,Enterprise,INT4,0.728
Llama-3.3-70B,20,4096,True,1x H200 SXM,Enterprise,INT4,0.728
Llama-3.3-70B,50,4096,True,1x H200 SXM,Enterprise,INT4,0.728
Llama-3.3-70B,100,4096,True,1x H200 SXM,Enterprise,INT4,0.728
Llama-3.3-70B,200,4096,True,1x H200 SXM,Enterprise,INT4,0.728
Llama-3.3-70B,500,4096,True,1x H200 SXM,Enterprise,INT4,0.728
Llama-3.3-70B,1000,4096,True,1x H200 SXM,Enterprise,INT4,0.728
Llama-3.3-70B,2000,4096,True,2x H200 SXM,Enterprise,INT4,0.856
Llama-3.3-70B,5000,4096,False,,,,
Llama-3.3-70B,10,8192,True,1x H200 SXM,Enterprise,INT4,0.728
Llama-3.3-70B,20,8192,True,1x H200 SXM,Enterprise,INT4,0.728
Llama-3.3-70B,50,8192,True,1x H200 SXM,Enterprise,INT4,0.728
Llama-3.3-70B,100,8192,True,1x H200 SXM,Enterprise,INT4,0.728
Llama-3.3-70B,200,8192,True,1x H200 SXM,Enterprise,INT4,0.728
Llama-3.3-70B,500,8192,True,1x H200 SXM,Enterprise,INT4,0.728
Llama-3.3-70B,1000,8192,True,1x H200 SXM,Enterprise,INT4,0.728
Llama-3.3-70B,2000,8192,True,2x H200 SXM,Enterprise,INT4,0.856
Llama-3.3-70B,5000,8192,False,,,,
Llama-3.3-70B,10,16384,True,1x H200 SXM,Enterprise,INT4,0.728
Llama-3.3-70B,20,16384,True,1x H200 SXM,Enterprise,INT4,0.728
Llama-3.3-70B,50,16384,True,1x H200 SXM,Enterprise,INT4,0.728
Llama-3.3-70B,100,16384,True,1x H200 SXM,Enterprise,INT4,0.728
Llama-3.3-70B,200,16384,True,1x H200 SXM,Enterprise,INT4,0.728
Llama-3.3-70B,500,16384,True,1x H200 SXM,Enterprise,INT4,0.728
Llama-3.3-70B,1000,16384,True,1x H200 SXM,Enterprise,INT4,0.728
Llama-3.3-70B,2000,16384,True,2x H200 SXM,Enterprise,INT4,0.856
Llama-3.3-70B,5000,16384,False,,,,
Llama-3.3-70B,10,32768,True,1x H200 SXM,Enterprise,INT4,0.728
Llama-3.3-70B,20,32768,True,1x H200 SXM,Enterprise,INT4,0.728
Llama-3.3-70B,50,32768,True,1x H200 SXM,Enterprise,INT4,0.728
Llama-3.3-70B,100,32768,True,1x H200 SXM,Enterprise,INT4,0.728
Llama-3.3-70B,200,32768,True,1x H200 SXM,Enterprise,INT4,0.728
Llama-3.3-70B,500,32768,True,1x H200 SXM,Enterprise,INT4,0.728
Llama-3.3-70B,1000,32768,True,1x H200 SXM,Enterprise,INT4,0.728
Llama-3.3-70B,2000,32768,True,2x H200 SXM,Enterprise,INT4,0.856
Llama-3.3-70B,5000,32768,False,,,,
Llama-3.3-70B,10,65536,True,1x H200 SXM,Enterprise,INT4,0.728
Llama-3.3-70B,20,65536,True,1x H200 SXM,Enterprise,INT4,0.728
Llama-3.3-70B,50,65536,True,1x H200 SXM,Enterprise,INT4,0.728
Llama-3.3-70B,100,65536,True,1x H200 SXM,Enterprise,INT4,0.728
Llama-3.3-70B,200,65536,True,1x H200 SXM,Enterprise,INT4,0.728
Llama-3.3-70B,500,65536,True,1x H200 SXM,Enterprise,INT4,0.728
Llama-3.3-70B,1000,65536,True,1x H200 SXM,Enterprise,INT4,0.728
Llama-3.3-70B,2000,65536,True,2x H200 SXM,Enterprise,INT4,0.856
Llama-3.3-70B,5000,65536,False,,,,
Llama-3.3-70B,10,131072,True,1x H200 SXM,Enterprise,INT4,0.728
Llama-3.3-70B,20,131072,True,1x H200 SXM,Enterprise,INT4,0.728
Llama-3.3-70B,50,131072,True,1x H200 SXM,Enterprise,INT4,0.728
Llama-3.3-70B,100,131072,True,1x H200 SXM,Enterprise,INT4,0.728
Llama-3.3-70B,200,131072,True,1x H200 SXM,Enterprise,INT4,0.728
Llama-3.3-70B,500,131072,True,1x H200 SXM,Enterprise,INT4,0.728
Llama-3.3-70B,1000,131072,True,1x H200 SXM,Enterprise,INT4,0.728
Llama-3.3-70B,2000,131072,True,2x H200 SXM,Enterprise,INT4,0.856
Llama-3.3-70B,5000,131072,False,,,,
Qwen2.5-72B,10,4096,True,1x H200 SXM,Enterprise,INT4,0.749
Qwen2.5-72B,20,4096,True,1x H200 SXM,Enterprise,INT4,0.749
Qwen2.5-72B,50,4096,True,1x H200 SXM,Enterprise,INT4,0.749
Qwen2.5-72B,100,4096,True,1x H200 SXM,Enterprise,INT4,0.749
Qwen2.5-72B,200,4096,True,1x H200 SXM,Enterprise,INT4,0.749
Qwen2.5-72B,500,4096,True,1x H200 SXM,Enterprise,INT4,0.749
Qwen2.5-72B,1000,4096,True,1x H200 SXM,Enterprise,INT4,0.749
Qwen2.5-72B,2000,4096,True,2x H200 SXM,Enterprise,INT4,0.881
Qwen2.5-72B,5000,4096,False,,,,
Qwen2.5-72B,10,8192,True,1x H200 SXM,Enterprise,INT4,0.749
Qwen2.5-72B,20,8192,True,1x H200 SXM,Enterprise,INT4,0.749
Qwen2.5-72B,50,8192,True,1x H200 SXM,Enterprise,INT4,0.749
Qwen2.5-72B,100,8192,True,1x H200 SXM,Enterprise,INT4,0.749
Qwen2.5-72B,200,8192,True,1x H200 SXM,Enterprise,INT4,0.749
Qwen2.5-72B,500,8192,True,1x H200 SXM,Enterprise,INT4,0.749
Qwen2.5-72B,1000,8192,True,1x H200 SXM,Enterprise,INT4,0.749
Qwen2.5-72B,2000,8192,True,2x H200 SXM,Enterprise,INT4,0.881
Qwen2.5-72B,5000,8192,False,,,,
Qwen2.5-72B,10,16384,True,1x H200 SXM,Enterprise,INT4,0.749
Qwen2.5-72B,20,16384,True,1x H200 SXM,Enterprise,INT4,0.749
Qwen2.5-72B,50,16384,True,1x H200 SXM,Enterprise,INT4,0.749
Qwen2.5-72B,100,16384,True,1x H200 SXM,Enterprise,INT4,0.749
Qwen2.5-72B,200,16384,True,1x H200 SXM,Enterprise,INT4,0.749
Qwen2.5-72B,500,16384,True,1x H200 SXM,Enterprise,INT4,0.749
Qwen2.5-72B,1000,16384,True,1x H200 SXM,Enterprise,INT4,0.749
Qwen2.5-72B,2000,16384,True,2x H200 SXM,Enterprise,INT4,0.881
Qwen2.5-72B,5000,16384,False,,,,
Qwen2.5-72B,10,32768,True,1x H200 SXM,Enterprise,INT4,0.749
Qwen2.5-72B,20,32768,True,1x H200 SXM,Enterprise,INT4,0.749
Qwen2.5-72B,50,32768,True,1x H200 SXM,Enterprise,INT4,0.749
Qwen2.5-72B,100,32768,True,1x H200 SXM,Enterprise,INT4,0.749
Qwen2.5-72B,200,32768,True,1x H200 SXM,Enterprise,INT4,0.749
Qwen2.5-72B,500,32768,True,1x H200 SXM,Enterprise,INT4,0.749
Qwen2.5-72B,1000,32768,True,1x H200 SXM,Enterprise,INT4,0.749
Qwen2.5-72B,2000,32768,True,2x H200 SXM,Enterprise,INT4,0.881
Qwen2.5-72B,5000,32768,False,,,,
Qwen2.5-72B,10,65536,True,1x H200 SXM,Enterprise,INT4,0.749
Qwen2.5-72B,20,65536,True,1x H200 SXM,Enterprise,INT4,0.749
Qwen2.5-72B,50,65536,True,1x H200 SXM,Enterprise,INT4,0.749
Qwen2.5-72B,100,65536,True,1x H200 SXM,Enterprise,INT4,0.749
Qwen2.5-72B,200,65536,True,1x H200 SXM,Enterprise,INT4,0.749
Qwen2.5-72B,500,65536,True,1x H200 SXM,Enterprise,INT4,0.749
Qwen2.5-72B,1000,65536,True,1x H200 SXM,Enterprise,INT4,0.749
Qwen2.5-72B,2000,65536,True,2x H200 SXM,Enterprise,INT4,0.881
Qwen2.5-72B,5000,65536,False,,,,
Qwen2.5-72B,10,131072,True,1x H200 SXM,Enterprise,INT4,0.749
Qwen2.5-72B,20,131072,True,1x H200 SXM,Enterprise,INT4,0.749
Qwen2.5-72B,50,131072,True,1x H200 SXM,Enterprise,INT4,0.749
Qwen2.5-72B,100,131072,True,1x H200 SXM,Enterprise,INT4,0.749
Qwen2.5-72B,200,131072,True,1x H200 SXM,Enterprise,INT4,0.749
Qwen2.5-72B,500,131072,True,1x H200 SXM,Enterprise,INT4,0.749
Qwen2.5-72B,1000,131072,True,1x H200 SXM,Enterprise,INT4,0.749
Qwen2.5-72B,2000,131072,True,2x H200 SXM,Enterprise,INT4,0.881
Qwen2.5-72B,5000,131072,False,,,,
Mistral-Large-123B,10,4096,True,2x H200 SXM,Enterprise,INT4,1.505
Mistral-Large-123B,20,4096,True,2x H200 SXM,Enterprise,INT4,1.505
Mistral-Large-123B,50,4096,True,2x H200 SXM,Enterprise,INT4,1.505
Mistral-Large-123B,100,4096,True,2x H200 SXM,Enterprise,INT4,1.505
Mistral-Large-123B,200,4096,True,2x H200 SXM,Enterprise,INT4,1.505
Mistral-Large-123B,500,4096,True,2x H200 SXM,Enterprise,INT4,1.505
Mistral-Large-123B,1000,4096,True,2x H200 SXM,Enterprise,INT4,1.505
Mistral-Large-123B,2000,4096,True,4x H200 SXM,Enterprise,INT4,1.771
Mistral-Large-123B,5000,4096,False,,,,
Mistral-Large-123B,10,8192,True,2x H200 SXM,Enterprise,INT4,1.505
Mistral-Large-123B,20,8192,True,2x H200 SXM,Enterprise,INT4,1.505
Mistral-Large-123B,50,8192,True,2x H200 SXM,Enterprise,INT4,1.505
Mistral-Large-123B,100,8192,True,2x H200 SXM,Enterprise,INT4,1.505
Mistral-Large-123B,200,8192,True,2x H200 SXM,Enterprise,INT4,1.505
Mistral-Large-123B,500,8192,True,2x H200 SXM,Enterprise,INT4,1.505
Mistral-Large-123B,1000,8192,True,2x H200 SXM,Enterprise,INT4,1.505
Mistral-Large-123B,2000,8192,True,4x H200 SXM,Enterprise,INT4,1.771
Mistral-Large-123B,5000,8192,False,,,,
Mistral-Large-123B,10,16384,True,2x H200 SXM,Enterprise,INT4,1.505
Mistral-Large-123B,20,16384,True,2x H200 SXM,Enterprise,INT4,1.505
Mistral-Large-123B,50,16384,True,2x H200 SXM,Enterprise,INT4,1.505
Mistral-Large-123B,100,16384,True,2x H200 SXM,Enterprise,INT4,1.505
Mistral-Large-123B,200,16384,True,2x H200 SXM,Enterprise,INT4,1.505
Mistral-Large-123B,500,16384,True,2x H200 SXM,Enterprise,INT4,1.505
Mistral-Large-123B,1000,16384,True,2x H200 SXM,Enterprise,INT4,1.505
Mistral-Large-123B,2000,16384,True,4x H200 SXM,Enterprise,INT4,1.771
Mistral-Large-123B,5000,16384,False,,,,
Mistral-Large-123B,10,32768,True,2x H200 SXM,Enterprise,INT4,1.505
Mistral-Large-123B,20,32768,True,2x H200 SXM,Enterprise,INT4,1.505
Mistral-Large-123B,50,32768,True,2x H200 SXM,Enterprise,INT4,1.505
Mistral-Large-123B,100,32768,True,2x H200 SXM,Enterprise,INT4,1.505
Mistral-Large-123B,200,32768,True,2x H200 SXM,Enterprise,INT4,1.505
Mistral-Large-123B,500,32768,True,2x H200 SXM,Enterprise,INT4,1.505
Mistral-Large-123B,1000,32768,True,2x H200 SXM,Enterprise,INT4,1.505
Mistral-Large-123B,2000,32768,True,4x H200 SXM,Enterprise,INT4,1.771
Mistral-Large-123B,5000,32768,False,,,,
Mistral-Large-123B,10,65536,True,2x H200 SXM,Enterprise,INT4,1.505
Mistral-Large-123B,20,65536,True,2x H200 SXM,Enterprise,INT4,1.505
Mistral-Large-123B,50,65536,True,2x H200 SXM,Enterprise,INT4,1.505
Mistral-Large-123B,100,65536,True,2x H200 SXM,Enterprise,INT4,1.505
Mistral-Large-123B,200,65536,True,2x H200 SXM,Enterprise,INT4,1.505
Mistral-Large-123B,500,65536,True,2x H200 SXM,Enterprise,INT4,1.505
Mistral-Large-123B,1000,65536,True,2x H200 SXM,Enterprise,INT4,1.505
Mistral-Large-123B,2000,65536,True,4x H200 SXM,Enterprise,INT4,1.771
Mistral-Large-123B,5000,65536,False,,,,
Mistral-Large-123B,10,131072,True,2x H200 SXM,Enterprise,INT4,1.505
Mistral-Large-123B,20,131072,True,2x H200 SXM,Enterprise,INT4,1.505
Mistral-Large-123B,50,131072,True,2x H200 SXM,Enterprise,INT4,1.505
Mistral-Large-123B,100,131072,True,2x H200 SXM,Enterprise,INT4,1.505
Mistral-Large-123B,200,131072,True,2x H200 SXM,Enterprise,INT4,1.505
Mistral-Large-123B,500,131072,True,2x H200 SXM,Enterprise,INT4,1.505
Mistral-Large-123B,1000,131072,True,2x H200 SXM,Enterprise,INT4,1.505
Mistral-Large-123B,2000,131072,True,4x H200 SXM,Enterprise,INT4,1.771
Mistral-Large-123B,5000,131072,False,,,,
Llama-3.1-405B,10,4096,True,4x H200 SXM,Enterprise,INT4,5.83
Llama-3.1-405B,20,4096,True,4x H200 SXM,Enterprise,INT4,5.83
Llama-3.1-405B,50,4096,True,4x H200 SXM,Enterprise,INT4,5.83
Llama-3.1-405B,100,4096,True,4x H200 SXM,Enterprise,INT4,5.83
Llama-3.1-405B,200,4096,True,4x H200 SXM,Enterprise,INT4,5.83
Llama-3.1-405B,500,4096,True,4x H200 SXM,Enterprise,INT4,5.83
Llama-3.1-405B,1000,4096,True,8x H200 SXM,Enterprise,INT4,6.859
Llama-3.1-405B,2000,4096,False,,,,
Llama-3.1-405B,5000,4096,False,,,,
Llama-3.1-405B,10,8192,True,4x H200 SXM,Enterprise,INT4,5.83
Llama-3.1-405B,20,8192,True,4x H200 SXM,Enterprise,INT4,5.83
Llama-3.1-405B,50,8192,True,4x H200 SXM,Enterprise,INT4,5.83
Llama-3.1-405B,100,8192,True,4x H200 SXM,Enterprise,INT4,5.83
Llama-3.1-405B,200,8192,True,4x H200 SXM,Enterprise,INT4,5.83
Llama-3.1-405B,500,8192,True,4x H200 SXM,Enterprise,INT4,5.83
Llama-3.1-405B,1000,8192,True,8x H200 SXM,Enterprise,INT4,6.859
Llama-3.1-405B,2000,8192,False,,,,
Llama-3.1-405B,5000,8192,False,,,,
Llama-3.1-405B,10,16384,True,4x H200 SXM,Enterprise,INT4,5.83
Llama-3.1-405B,20,16384,True,4x H200 SXM,Enterprise,INT4,5.83
Llama-3.1-405B,50,16384,True,4x H200 SXM,Enterprise,INT4,5.83
Llama-3.1-405B,100,16384,True,4x H200 SXM,Enterprise,INT4,5.83
Llama-3.1-405B,200,16384,True,4x H200 SXM,Enterprise,INT4,5.83
Llama-3.1-405B,500,16384,True,4x H200 SXM,Enterprise,INT4,5.83
Llama-3.1-405B,1000,16384,True,8x H200 SXM,Enterprise,INT4,6.859
Llama-3.1-405B,2000,16384,False,,,,
Llama-3.1-405B,5000,16384,False,,,,
Llama-3.1-405B,10,32768,True,4x H200 SXM,Enterprise,INT4,5.83
Llama-3.1-405B,20,32768,True,4x H200 SXM,Enterprise,INT4,5.83
Llama-3.1-405B,50,32768,True,4x H200 SXM,Enterprise,INT4,5.83
Llama-3.1-405B,100,32768,True,4x H200 SXM,Enterprise,INT4,5.83
Llama-3.1-405B,200,32768,True,4x H200 SXM,Enterprise,INT4,5.83
Llama-3.1-405B,500,32768,True,4x H200 SXM,Enterprise,INT4,5.83
Llama-3.1-405B,1000,32768,True,8x H200 SXM,Enterprise,INT4,6.859
Llama-3.1-405B,2000,32768,False,,,,
Llama-3.1-405B,5000,32768,False,,,,
Llama-3.1-405B,10,65536,True,4x H200 SXM,Enterprise,INT4,5.83
Llama-3.1-405B,20,65536,True,4x H200 SXM,Enterprise,INT4,5.83
Llama-3.1-405B,50,65536,True,4x H200 SXM,Enterprise,INT4,5.83
Llama-3.1-405B,100,65536,True,4x H200 SXM,Enterprise,INT4,5.83
Llama-3.1-405B,200,65536,True,4x H200 SXM,Enterprise,INT4,5.83
Llama-3.1-405B,500,65536,True,4x H200 SXM,Enterprise,INT4,5.83
Llama-3.1-405B,1000,65536,True,8x H200 SXM,Enterprise,INT4,6.859
Llama-3.1-405B,2000,65536,False,,,,
Llama-3.1-405B,5000,65536,False,,,,
Llama-3.1-405B,10,131072,True,4x H200 SXM,Enterprise,INT4,5.83
Llama-3.1-405B,20,131072,True,4x H200 SXM,Enterprise,INT4,5.83
Llama-3.1-405B,50,131072,True,4x H200 SXM,Enterprise,INT4,5.83
Llama-3.1-405B,100,131072,True,4x H200 SXM,Enterprise,INT4,5.83
Llama-3.1-405B,200,131072,True,4x H200 SXM,Enterprise,INT4,5.83
Llama-3.1-405B,500,131072,True,4x H200 SXM,Enterprise,INT4,5.83
Llama-3.1-405B,1000,131072,True,8x H200 SXM,Enterprise,INT4,6.859
Llama-3.1-405B,2000,131072,False,,,,
Llama-3.1-405B,5000,131072,False,,,,
Qwen3-30B-A3B,10,4096,True,2x RTX 3090,Consumer,INT4,0.032
Qwen3-30B-A3B,20,4096,True,2x RTX 3090,Consumer,INT4,0.032
Qwen3-30B-A3B,50,4096,True,2x RTX 3090,Consumer,INT4,0.032
Qwen3-30B-A3B,100,4096,True,2x RTX 3090,Consumer,INT4,0.032
Qwen3-30B-A3B,200,4096,True,2x RTX 3090,Consumer,INT4,0.032
Qwen3-30B-A3B,500,4096,True,2x RTX 3090,Consumer,INT4,0.032
Qwen3-30B-A3B,1000,4096,True,2x RTX 3090,Consumer,INT4,0.032
Qwen3-30B-A3B,2000,4096,True,2x RTX 3090,Consumer,INT4,0.032
Qwen3-30B-A3B,5000,4096,True,4x RTX 4090,Consumer,INT4,0.053
Qwen3-30B-A3B,10,8192,True,2x RTX 3090,Consumer,INT4,0.032
Qwen3-30B-A3B,20,8192,True,2x RTX 3090,Consumer,INT4,0.032
Qwen3-30B-A3B,50,8192,True,2x RTX 3090,Consumer,INT4,0.032
Qwen3-30B-A3B,100,8192,True,2x RTX 3090,Consumer,INT4,0.032
Qwen3-30B-A3B,200,8192,True,2x RTX 3090,Consumer,INT4,0.032
Qwen3-30B-A3B,500,8192,True,2x RTX 3090,Consumer,INT4,0.032
Qwen3-30B-A3B,1000,8192,True,2x RTX 3090,Consumer,INT4,0.032
Qwen3-30B-A3B,2000,8192,True,2x RTX 3090,Consumer,INT4,0.032
Qwen3-30B-A3B,5000,8192,True,4x RTX 4090,Consumer,INT4,0.053
Qwen3-30B-A3B,10,16384,True,2x RTX 3090,Consumer,INT4,0.032
Qwen3-30B-A3B,20,16384,True,2x RTX 3090,Consumer,INT4,0.032
Qwen3-30B-A3B,50,16384,True,2x RTX 3090,Consumer,INT4,0.032
Qwen3-30B-A3B,100,16384,True,2x RTX 3090,Consumer,INT4,0.032
Qwen3-30B-A3B,200,16384,True,2x RTX 3090,Consumer,INT4,0.032
Qwen3-30B-A3B,500,16384,True,2x RTX 3090,Consumer,INT4,0.032
Qwen3-30B-A3B,1000,16384,True,2x RTX 3090,Consumer,INT4,0.032
Qwen3-30B-A3B,2000,16384,True,2x RTX 3090,Consumer,INT4,0.032
Qwen3-30B-A3B,5000,16384,True,4x RTX 4090,Consumer,INT4,0.053
Qwen3-30B-A3B,10,32768,True,2x RTX 3090,Consumer,INT4,0.032
Qwen3-30B-A3B,20,32768,True,2x RTX 3090,Consumer,INT4,0.032
Qwen3-30B-A3B,50,32768,True,2x RTX 3090,Consumer,INT4,0.032
Qwen3-30B-A3B,100,32768,True,2x RTX 3090,Consumer,INT4,0.032
Qwen3-30B-A3B,200,32768,True,2x RTX 3090,Consumer,INT4,0.032
Qwen3-30B-A3B,500,32768,True,2x RTX 3090,Consumer,INT4,0.032
Qwen3-30B-A3B,1000,32768,True,2x RTX 3090,Consumer,INT4,0.032
Qwen3-30B-A3B,2000,32768,True,2x RTX 3090,Consumer,INT4,0.032
Qwen3-30B-A3B,5000,32768,True,4x RTX 4090,Consumer,INT4,0.053
Qwen3-30B-A3B,10,65536,True,2x RTX 3090,Consumer,INT4,0.032
Qwen3-30B-A3B,20,65536,True,2x RTX 3090,Consumer,INT4,0.032
Qwen3-30B-A3B,50,65536,True,2x RTX 3090,Consumer,INT4,0.032
Qwen3-30B-A3B,100,65536,True,2x RTX 3090,Consumer,INT4,0.032
Qwen3-30B-A3B,200,65536,True,2x RTX 3090,Consumer,INT4,0.032
Qwen3-30B-A3B,500,65536,True,2x RTX 3090,Consumer,INT4,0.032
Qwen3-30B-A3B,1000,65536,True,2x RTX 3090,Consumer,INT4,0.032
Qwen3-30B-A3B,2000,65536,True,2x RTX 3090,Consumer,INT4,0.032
Qwen3-30B-A3B,5000,65536,True,4x RTX 4090,Consumer,INT4,0.053
Qwen3-30B-A3B,10,131072,True,2x RTX 3090,Consumer,INT4,0.032
Qwen3-30B-A3B,20,131072,True,2x RTX 3090,Consumer,INT4,0.032
Qwen3-30B-A3B,50,131072,True,2x RTX 3090,Consumer,INT4,0.032
Qwen3-30B-A3B,100,131072,True,2x RTX 3090,Consumer,INT4,0.032
Qwen3-30B-A3B,200,131072,True,2x RTX 3090,Consumer,INT4,0.032
Qwen3-30B-A3B,500,131072,True,2x RTX 3090,Consumer,INT4,0.032
Qwen3-30B-A3B,1000,131072,True,2x RTX 3090,Consumer,INT4,0.032
Qwen3-30B-A3B,2000,131072,True,2x RTX 3090,Consumer,INT4,0.032
Qwen3-30B-A3B,5000,131072,True,4x RTX 4090,Consumer,INT4,0.053
gpt-oss-120B,10,4096,True,4x RTX 4090,Consumer,INT4,0.089
gpt-oss-120B,20,4096,True,4x RTX 4090,Consumer,INT4,0.089
gpt-oss-120B,50,4096,True,4x RTX 4090,Consumer,INT4,0.089
gpt-oss-120B,100,4096,True,4x RTX 4090,Consumer,INT4,0.089
gpt-oss-120B,200,4096,True,4x RTX 4090,Consumer,INT4,0.089
gpt-oss-120B,500,4096,True,4x RTX 4090,Consumer,INT4,0.089
gpt-oss-120B,1000,4096,True,4x RTX 4090,Consumer,INT4,0.089
gpt-oss-120B,2000,4096,True,4x RTX 4090,Consumer,INT4,0.089
gpt-oss-120B,5000,4096,True,1x H200 SXM,Enterprise,INT4,0.135
gpt-oss-120B,10,8192,True,4x RTX 4090,Consumer,INT4,0.089
gpt-oss-120B,20,8192,True,4x RTX 4090,Consumer,INT4,0.089
gpt-oss-120B,50,8192,True,4x RTX 4090,Consumer,INT4,0.089
gpt-oss-120B,100,8192,True,4x RTX 4090,Consumer,INT4,0.089
gpt-oss-120B,200,8192,True,4x RTX 4090,Consumer,INT4,0.089
gpt-oss-120B,500,8192,True,4x RTX 4090,Consumer,INT4,0.089
gpt-oss-120B,1000,8192,True,4x RTX 4090,Consumer,INT4,0.089
gpt-oss-120B,2000,8192,True,4x RTX 4090,Consumer,INT4,0.089
gpt-oss-120B,5000,8192,True,1x H200 SXM,Enterprise,INT4,0.135
gpt-oss-120B,10,16384,True,4x RTX 4090,Consumer,INT4,0.089
gpt-oss-120B,20,16384,True,4x RTX 4090,Consumer,INT4,0.089
gpt-oss-120B,50,16384,True,4x RTX 4090,Consumer,INT4,0.089
gpt-oss-120B,100,16384,True,4x RTX 4090,Consumer,INT4,0.089
gpt-oss-120B,200,16384,True,4x RTX 4090,Consumer,INT4,0.089
gpt-oss-120B,500,16384,True,4x RTX 4090,Consumer,INT4,0.089
gpt-oss-120B,1000,16384,True,4x RTX 4090,Consumer,INT4,0.089
gpt-oss-120B,2000,16384,True,4x RTX 4090,Consumer,INT4,0.089
gpt-oss-120B,5000,16384,True,1x H200 SXM,Enterprise,INT4,0.135
gpt-oss-120B,10,32768,True,4x RTX 4090,Consumer,INT4,0.089
gpt-oss-120B,20,32768,True,4x RTX 4090,Consumer,INT4,0.089
gpt-oss-120B,50,32768,True,4x RTX 4090,Consumer,INT4,0.089
gpt-oss-120B,100,32768,True,4x RTX 4090,Consumer,INT4,0.089
gpt-oss-120B,200,32768,True,4x RTX 4090,Consumer,INT4,0.089
gpt-oss-120B,500,32768,True,4x RTX 4090,Consumer,INT4,0.089
gpt-oss-120B,1000,32768,True,4x RTX 4090,Consumer,INT4,0.089
gpt-oss-120B,2000,32768,True,4x RTX 4090,Consumer,INT4,0.089
gpt-oss-120B,5000,32768,True,1x H200 SXM,Enterprise,INT4,0.135
gpt-oss-120B,10,65536,True,4x RTX 4090,Consumer,INT4,0.089
gpt-oss-120B,20,65536,True,4x RTX 4090,Consumer,INT4,0.089
gpt-oss-120B,50,65536,True,4x RTX 4090,Consumer,INT4,0.089
gpt-oss-120B,100,65536,True,4x RTX 4090,Consumer,INT4,0.089
gpt-oss-120B,200,65536,True,4x RTX 4090,Consumer,INT4,0.089
gpt-oss-120B,500,65536,True,4x RTX 4090,Consumer,INT4,0.089
gpt-oss-120B,1000,65536,True,4x RTX 4090,Consumer,INT4,0.089
gpt-oss-120B,2000,65536,True,4x RTX 4090,Consumer,INT4,0.089
gpt-oss-120B,5000,65536,True,1x H200 SXM,Enterprise,INT4,0.135
gpt-oss-120B,10,131072,True,4x RTX 4090,Consumer,INT4,0.089
gpt-oss-120B,20,131072,True,4x RTX 4090,Consumer,INT4,0.089
gpt-oss-120B,50,131072,True,4x RTX 4090,Consumer,INT4,0.089
gpt-oss-120B,100,131072,True,4x RTX 4090,Consumer,INT4,0.089
gpt-oss-120B,200,131072,True,4x RTX 4090,Consumer,INT4,0.089
gpt-oss-120B,500,131072,True,4x RTX 4090,Consumer,INT4,0.089
gpt-oss-120B,1000,131072,True,4x RTX 4090,Consumer,INT4,0.089
gpt-oss-120B,2000,131072,True,4x RTX 4090,Consumer,INT4,0.089
gpt-oss-120B,5000,131072,True,1x H200 SXM,Enterprise,INT4,0.135
Qwen3-235B-A22B,10,4096,True,2x H200 SXM,Enterprise,INT4,0.686
Qwen3-235B-A22B,20,4096,True,2x H200 SXM,Enterprise,INT4,0.686
Qwen3-235B-A22B,50,4096,True,2x H200 SXM,Enterprise,INT4,0.686
Qwen3-235B-A22B,100,4096,True,2x H200 SXM,Enterprise,INT4,0.686
Qwen3-235B-A22B,200,4096,True,2x H200 SXM,Enterprise,INT4,0.686
Qwen3-235B-A22B,500,4096,True,2x H200 SXM,Enterprise,INT4,0.686
Qwen3-235B-A22B,1000,4096,True,2x H200 SXM,Enterprise,INT4,0.686
Qwen3-235B-A22B,2000,4096,True,2x H200 SXM,Enterprise,INT4,0.686
Qwen3-235B-A22B,5000,4096,True,8x H200 SXM,Enterprise,INT4,0.95
Qwen3-235B-A22B,10,8192,True,2x H200 SXM,Enterprise,INT4,0.686
Qwen3-235B-A22B,20,8192,True,2x H200 SXM,Enterprise,INT4,0.686
Qwen3-235B-A22B,50,8192,True,2x H200 SXM,Enterprise,INT4,0.686
Qwen3-235B-A22B,100,8192,True,2x H200 SXM,Enterprise,INT4,0.686
Qwen3-235B-A22B,200,8192,True,2x H200 SXM,Enterprise,INT4,0.686
Qwen3-235B-A22B,500,8192,True,2x H200 SXM,Enterprise,INT4,0.686
Qwen3-235B-A22B,1000,8192,True,2x H200 SXM,Enterprise,INT4,0.686
Qwen3-235B-A22B,2000,8192,True,2x H200 SXM,Enterprise,INT4,0.686
Qwen3-235B-A22B,5000,8192,True,8x H200 SXM,Enterprise,INT4,0.95
Qwen3-235B-A22B,10,16384,True,2x H200 SXM,Enterprise,INT4,0.686
Qwen3-235B-A22B,20,16384,True,2x H200 SXM,Enterprise,INT4,0.686
Qwen3-235B-A22B,50,16384,True,2x H200 SXM,Enterprise,INT4,0.686
Qwen3-235B-A22B,100,16384,True,2x H200 SXM,Enterprise,INT4,0.686
Qwen3-235B-A22B,200,16384,True,2x H200 SXM,Enterprise,INT4,0.686
Qwen3-235B-A22B,500,16384,True,2x H200 SXM,Enterprise,INT4,0.686
Qwen3-235B-A22B,1000,16384,True,2x H200 SXM,Enterprise,INT4,0.686
Qwen3-235B-A22B,2000,16384,True,2x H200 SXM,Enterprise,INT4,0.686
Qwen3-235B-A22B,5000,16384,True,8x H200 SXM,Enterprise,INT4,0.95
Qwen3-235B-A22B,10,32768,True,2x H200 SXM,Enterprise,INT4,0.686
Qwen3-235B-A22B,20,32768,True,2x H200 SXM,Enterprise,INT4,0.686
Qwen3-235B-A22B,50,32768,True,2x H200 SXM,Enterprise,INT4,0.686
Qwen3-235B-A22B,100,32768,True,2x H200 SXM,Enterprise,INT4,0.686
Qwen3-235B-A22B,200,32768,True,2x H200 SXM,Enterprise,INT4,0.686
Qwen3-235B-A22B,500,32768,True,2x H200 SXM,Enterprise,INT4,0.686
Qwen3-235B-A22B,1000,32768,True,2x H200 SXM,Enterprise,INT4,0.686
Qwen3-235B-A22B,2000,32768,True,2x H200 SXM,Enterprise,INT4,0.686
Qwen3-235B-A22B,5000,32768,True,8x H200 SXM,Enterprise,INT4,0.95
Qwen3-235B-A22B,10,65536,True,2x H200 SXM,Enterprise,INT4,0.686
Qwen3-235B-A22B,20,65536,True,2x H200 SXM,Enterprise,INT4,0.686
Qwen3-235B-A22B,50,65536,True,2x H200 SXM,Enterprise,INT4,0.686
Qwen3-235B-A22B,100,65536,True,2x H200 SXM,Enterprise,INT4,0.686
Qwen3-235B-A22B,200,65536,True,2x H200 SXM,Enterprise,INT4,0.686
Qwen3-235B-A22B,500,65536,True,2x H200 SXM,Enterprise,INT4,0.686
Qwen3-235B-A22B,1000,65536,True,2x H200 SXM,Enterprise,INT4,0.686
Qwen3-235B-A22B,2000,65536,True,2x H200 SXM,Enterprise,INT4,0.686
Qwen3-235B-A22B,5000,65536,True,8x H200 SXM,Enterprise,INT4,0.95
Qwen3-235B-A22B,10,131072,True,2x H200 SXM,Enterprise,INT4,0.686
Qwen3-235B-A22B,20,131072,True,2x H200 SXM,Enterprise,INT4,0.686
Qwen3-235B-A22B,50,131072,True,2x H200 SXM,Enterprise,INT4,0.686
Qwen3-235B-A22B,100,131072,True,2x H200 SXM,Enterprise,INT4,0.686
Qwen3-235B-A22B,200,131072,True,2x H200 SXM,Enterprise,INT4,0.686
Qwen3-235B-A22B,500,131072,True,2x H200 SXM,Enterprise,INT4,0.686
Qwen3-235B-A22B,1000,131072,True,2x H200 SXM,Enterprise,INT4,0.686
Qwen3-235B-A22B,2000,131072,True,2x H200 SXM,Enterprise,INT4,0.686
Qwen3-235B-A22B,5000,131072,True,8x H200 SXM,Enterprise,INT4,0.95
GLM-4.6-357B,10,4096,True,2x H200 SXM,Enterprise,INT4,0.998
GLM-4.6-357B,20,4096,True,2x H200 SXM,Enterprise,INT4,0.998
GLM-4.6-357B,50,4096,True,2x H200 SXM,Enterprise,INT4,0.998
GLM-4.6-357B,100,4096,True,2x H200 SXM,Enterprise,INT4,0.998
GLM-4.6-357B,200,4096,True,2x H200 SXM,Enterprise,INT4,0.998
GLM-4.6-357B,500,4096,True,2x H200 SXM,Enterprise,INT4,0.998
GLM-4.6-357B,1000,4096,True,2x H200 SXM,Enterprise,INT4,0.998
GLM-4.6-357B,2000,4096,True,4x H200 SXM,Enterprise,INT4,1.174
GLM-4.6-357B,5000,4096,True,8x H200 SXM,Enterprise,INT4,1.381
GLM-4.6-357B,10,8192,True,2x H200 SXM,Enterprise,INT4,0.998
GLM-4.6-357B,20,8192,True,2x H200 SXM,Enterprise,INT4,0.998
GLM-4.6-357B,50,8192,True,2x H200 SXM,Enterprise,INT4,0.998
GLM-4.6-357B,100,8192,True,2x H200 SXM,Enterprise,INT4,0.998
GLM-4.6-357B,200,8192,True,2x H200 SXM,Enterprise,INT4,0.998
GLM-4.6-357B,500,8192,True,2x H200 SXM,Enterprise,INT4,0.998
GLM-4.6-357B,1000,8192,True,2x H200 SXM,Enterprise,INT4,0.998
GLM-4.6-357B,2000,8192,True,4x H200 SXM,Enterprise,INT4,1.174
GLM-4.6-357B,5000,8192,True,8x H200 SXM,Enterprise,INT4,1.381
GLM-4.6-357B,10,16384,True,2x H200 SXM,Enterprise,INT4,0.998
GLM-4.6-357B,20,16384,True,2x H200 SXM,Enterprise,INT4,0.998
GLM-4.6-357B,50,16384,True,2x H200 SXM,Enterprise,INT4,0.998
GLM-4.6-357B,100,16384,True,2x H200 SXM,Enterprise,INT4,0.998
GLM-4.6-357B,200,16384,True,2x H200 SXM,Enterprise,INT4,0.998
GLM-4.6-357B,500,16384,True,2x H200 SXM,Enterprise,INT4,0.998
GLM-4.6-357B,1000,16384,True,2x H200 SXM,Enterprise,INT4,0.998
GLM-4.6-357B,2000,16384,True,4x H200 SXM,Enterprise,INT4,1.174
GLM-4.6-357B,5000,16384,True,8x H200 SXM,Enterprise,INT4,1.381
GLM-4.6-357B,10,32768,True,2x H200 SXM,Enterprise,INT4,0.998
GLM-4.6-357B,20,32768,True,2x H200 SXM,Enterprise,INT4,0.998
GLM-4.6-357B,50,32768,True,2x H200 SXM,Enterprise,INT4,0.998
GLM-4.6-357B,100,32768,True,2x H200 SXM,Enterprise,INT4,0.998
GLM-4.6-357B,200,32768,True,2x H200 SXM,Enterprise,INT4,0.998
GLM-4.6-357B,500,32768,True,2x H200 SXM,Enterprise,INT4,0.998
GLM-4.6-357B,1000,32768,True,2x H200 SXM,Enterprise,INT4,0.998
GLM-4.6-357B,2000,32768,True,4x H200 SXM,Enterprise,INT4,1.174
GLM-4.6-357B,5000,32768,True,8x H200 SXM,Enterprise,INT4,1.381
GLM-4.6-357B,10,65536,True,2x H200 SXM,Enterprise,INT4,0.998
GLM-4.6-357B,20,65536,True,2x H200 SXM,Enterprise,INT4,0.998
GLM-4.6-357B,50,65536,True,2x H200 SXM,Enterprise,INT4,0.998
GLM-4.6-357B,100,65536,True,2x H200 SXM,Enterprise,INT4,0.998
GLM-4.6-357B,200,65536,True,2x H200 SXM,Enterprise,INT4,0.998
GLM-4.6-357B,500,65536,True,2x H200 SXM,Enterprise,INT4,0.998
GLM-4.6-357B,1000,65536,True,2x H200 SXM,Enterprise,INT4,0.998
GLM-4.6-357B,2000,65536,True,4x H200 SXM,Enterprise,INT4,1.174
GLM-4.6-357B,5000,65536,True,8x H200 SXM,Enterprise,INT4,1.381
GLM-4.6-357B,10,131072,True,2x H200 SXM,Enterprise,INT4,0.998
GLM-4.6-357B,20,131072,True,2x H200 SXM,Enterprise,INT4,0.998
GLM-4.6-357B,50,131072,True,2x H200 SXM,Enterprise,INT4,0.998
GLM-4.6-357B,100,131072,True,2x H200 SXM,Enterprise,INT4,0.998
GLM-4.6-357B,200,131072,True,2x H200 SXM,Enterprise,INT4,0.998
GLM-4.6-357B,500,131072,True,2x H200 SXM,Enterprise,INT4,0.998
GLM-4.6-357B,1000,131072,True,2x H200 SXM,Enterprise,INT4,0.998
GLM-4.6-357B,2000,131072,True,4x H200 SXM,Enterprise,INT4,1.174
GLM-4.6-357B,5000,131072,True,8x H200 SXM,Enterprise,INT4,1.381
Llama-4-Maverick-400B,10,4096,True,4x A100 80GB,Enterprise,INT4,0.559
Llama-4-Maverick-400B,20,4096,True,4x A100 80GB,Enterprise,INT4,0.559
Llama-4-Maverick-400B,50,4096,True,4x A100 80GB,Enterprise,INT4,0.559
Llama-4-Maverick-400B,100,4096,True,4x A100 80GB,Enterprise,INT4,0.559
Llama-4-Maverick-400B,200,4096,True,4x A100 80GB,Enterprise,INT4,0.559
Llama-4-Maverick-400B,500,4096,True,4x A100 80GB,Enterprise,INT4,0.559
Llama-4-Maverick-400B,1000,4096,True,4x A100 80GB,Enterprise,INT4,0.559
Llama-4-Maverick-400B,2000,4096,True,4x A100 80GB,Enterprise,INT4,0.559
Llama-4-Maverick-400B,5000,4096,True,4x H200 SXM,Enterprise,INT4,0.624
Llama-4-Maverick-400B,10,8192,True,4x A100 80GB,Enterprise,INT4,0.559
Llama-4-Maverick-400B,20,8192,True,4x A100 80GB,Enterprise,INT4,0.559
Llama-4-Maverick-400B,50,8192,True,4x A100 80GB,Enterprise,INT4,0.559
Llama-4-Maverick-400B,100,8192,True,4x A100 80GB,Enterprise,INT4,0.559
Llama-4-Maverick-400B,200,8192,True,4x A100 80GB,Enterprise,INT4,0.559
Llama-4-Maverick-400B,500,8192,True,4x A100 80GB,Enterprise,INT4,0.559
Llama-4-Maverick-400B,1000,8192,True,4x A100 80GB,Enterprise,INT4,0.559
Llama-4-Maverick-400B,2000,8192,True,4x A100 80GB,Enterprise,INT4,0.559
Llama-4-Maverick-400B,5000,8192,True,4x H200 SXM,Enterprise,INT4,0.624
Llama-4-Maverick-400B,10,16384,True,4x A100 80GB,Enterprise,INT4,0.559
Llama-4-Maverick-400B,20,16384,True,4x A100 80GB,Enterprise,INT4,0.559
Llama-4-Maverick-400B,50,16384,True,4x A100 80GB,Enterprise,INT4,0.559
Llama-4-Maverick-400B,100,16384,True,4x A100 80GB,Enterprise,INT4,0.559
Llama-4-Maverick-400B,200,16384,True,4x A100 80GB,Enterprise,INT4,0.559
Llama-4-Maverick-400B,500,16384,True,4x A100 80GB,Enterprise,INT4,0.559
Llama-4-Maverick-400B,1000,16384,True,4x A100 80GB,Enterprise,INT4,0.559
Llama-4-Maverick-400B,2000,16384,True,4x A100 80GB,Enterprise,INT4,0.559
Llama-4-Maverick-400B,5000,16384,True,4x H200 SXM,Enterprise,INT4,0.624
Llama-4-Maverick-400B,10,32768,True,4x A100 80GB,Enterprise,INT4,0.559
Llama-4-Maverick-400B,20,32768,True,4x A100 80GB,Enterprise,INT4,0.559
Llama-4-Maverick-400B,50,32768,True,4x A100 80GB,Enterprise,INT4,0.559
Llama-4-Maverick-400B,100,32768,True,4x A100 80GB,Enterprise,INT4,0.559
Llama-4-Maverick-400B,200,32768,True,4x A100 80GB,Enterprise,INT4,0.559
Llama-4-Maverick-400B,500,32768,True,4x A100 80GB,Enterprise,INT4,0.559
Llama-4-Maverick-400B,1000,32768,True,4x A100 80GB,Enterprise,INT4,0.559
Llama-4-Maverick-400B,2000,32768,True,4x A100 80GB,Enterprise,INT4,0.559
Llama-4-Maverick-400B,5000,32768,True,4x H200 SXM,Enterprise,INT4,0.624
Llama-4-Maverick-400B,10,65536,True,4x A100 80GB,Enterprise,INT4,0.559
Llama-4-Maverick-400B,20,65536,True,4x A100 80GB,Enterprise,INT4,0.559
Llama-4-Maverick-400B,50,65536,True,4x A100 80GB,Enterprise,INT4,0.559
Llama-4-Maverick-400B,100,65536,True,4x A100 80GB,Enterprise,INT4,0.559
Llama-4-Maverick-400B,200,65536,True,4x A100 80GB,Enterprise,INT4,0.559
Llama-4-Maverick-400B,500,65536,True,4x A100 80GB,Enterprise,INT4,0.559
Llama-4-Maverick-400B,1000,65536,True,4x A100 80GB,Enterprise,INT4,0.559
Llama-4-Maverick-400B,2000,65536,True,4x A100 80GB,Enterprise,INT4,0.559
Llama-4-Maverick-400B,5000,65536,True,4x H200 SXM,Enterprise,INT4,0.624
Llama-4-Maverick-400B,10,131072,True,4x A100 80GB,Enterprise,INT4,0.559
Llama-4-Maverick-400B,20,131072,True,4x A100 80GB,Enterprise,INT4,0.559
Llama-4-Maverick-400B,50,131072,True,4x A100 80GB,Enterprise,INT4,0.559
Llama-4-Maverick-400B,100,131072,True,4x A100 80GB,Enterprise,INT4,0.559
Llama-4-Maverick-400B,200,131072,True,4x A100 80GB,Enterprise,INT4,0.559
Llama-4-Maverick-400B,500,131072,True,4x A100 80GB,Enterprise,INT4,0.559
Llama-4-Maverick-400B,1000,131072,True,4x A100 80GB,Enterprise,INT4,0.559
Llama-4-Maverick-400B,2000,131072,True,4x A100 80GB,Enterprise,INT4,0.559
Llama-4-Maverick-400B,5000,131072,True,4x H200 SXM,Enterprise,INT4,0.624
DeepSeek-V3.2-685B,10,4096,True,4x H200 SXM,Enterprise,INT4,1.358
DeepSeek-V3.2-685B,20,4096,True,4x H200 SXM,Enterprise,INT4,1.358
DeepSeek-V3.2-685B,50,4096,True,4x H200 SXM,Enterprise,INT4,1.358
DeepSeek-V3.2-685B,100,4096,True,4x H200 SXM,Enterprise,INT4,1.358
DeepSeek-V3.2-685B,200,4096,True,4x H200 SXM,Enterprise,INT4,1.358
DeepSeek-V3.2-685B,500,4096,True,4x H200 SXM,Enterprise,INT4,1.358
DeepSeek-V3.2-685B,1000,4096,True,4x H200 SXM,Enterprise,INT4,1.358
DeepSeek-V3.2-685B,2000,4096,True,4x H200 SXM,Enterprise,INT4,1.358
DeepSeek-V3.2-685B,5000,4096,False,,,,
DeepSeek-V3.2-685B,10,8192,True,4x H200 SXM,Enterprise,INT4,1.358
DeepSeek-V3.2-685B,20,8192,True,4x H200 SXM,Enterprise,INT4,1.358
DeepSeek-V3.2-685B,50,8192,True,4x H200 SXM,Enterprise,INT4,1.358
DeepSeek-V3.2-685B,100,8192,True,4x H200 SXM,Enterprise,INT4,1.358
DeepSeek-V3.2-685B,200,8192,True,4x H200 SXM,Enterprise,INT4,1.358
DeepSeek-V3.2-685B,500,8192,True,4x H200 SXM,Enterprise,INT4,1.358
DeepSeek-V3.2-685B,1000,8192,True,4x H200 SXM,Enterprise,INT4,1.358
DeepSeek-V3.2-685B,2000,8192,True,4x H200 SXM,Enterprise,INT4,1.358
DeepSeek-V3.2-685B,5000,8192,False,,,,
DeepSeek-V3.2-685B,10,16384,True,4x H200 SXM,Enterprise,INT4,1.358
DeepSeek-V3.2-685B,20,16384,True,4x H200 SXM,Enterprise,INT4,1.358
DeepSeek-V3.2-685B,50,16384,True,4x H200 SXM,Enterprise,INT4,1.358
DeepSeek-V3.2-685B,100,16384,True,4x H200 SXM,Enterprise,INT4,1.358
DeepSeek-V3.2-685B,200,16384,True,4x H200 SXM,Enterprise,INT4,1.358
DeepSeek-V3.2-685B,500,16384,True,4x H200 SXM,Enterprise,INT4,1.358
DeepSeek-V3.2-685B,1000,16384,True,4x H200 SXM,Enterprise,INT4,1.358
DeepSeek-V3.2-685B,2000,16384,True,4x H200 SXM,Enterprise,INT4,1.358
DeepSeek-V3.2-685B,5000,16384,False,,,,
DeepSeek-V3.2-685B,10,32768,True,4x H200 SXM,Enterprise,INT4,1.358
DeepSeek-V3.2-685B,20,32768,True,4x H200 SXM,Enterprise,INT4,1.358
DeepSeek-V3.2-685B,50,32768,True,4x H200 SXM,Enterprise,INT4,1.358
DeepSeek-V3.2-685B,100,32768,True,4x H200 SXM,Enterprise,INT4,1.358
DeepSeek-V3.2-685B,200,32768,True,4x H200 SXM,Enterprise,INT4,1.358
DeepSeek-V3.2-685B,500,32768,True,4x H200 SXM,Enterprise,INT4,1.358
DeepSeek-V3.2-685B,1000,32768,True,4x H200 SXM,Enterprise,INT4,1.358
DeepSeek-V3.2-685B,2000,32768,True,4x H200 SXM,Enterprise,INT4,1.358
DeepSeek-V3.2-685B,5000,32768,False,,,,
DeepSeek-V3.2-685B,10,65536,True,4x H200 SXM,Enterprise,INT4,1.358
DeepSeek-V3.2-685B,20,65536,True,4x H200 SXM,Enterprise,INT4,1.358
DeepSeek-V3.2-685B,50,65536,True,4x H200 SXM,Enterprise,INT4,1.358
DeepSeek-V3.2-685B,100,65536,True,4x H200 SXM,Enterprise,INT4,1.358
DeepSeek-V3.2-685B,200,65536,True,4x H200 SXM,Enterprise,INT4,1.358
DeepSeek-V3.2-685B,500,65536,True,4x H200 SXM,Enterprise,INT4,1.358
DeepSeek-V3.2-685B,1000,65536,True,4x H200 SXM,Enterprise,INT4,1.358
DeepSeek-V3.2-685B,2000,65536,True,4x H200 SXM,Enterprise,INT4,1.358
DeepSeek-V3.2-685B,5000,65536,False,,,,
DeepSeek-V3.2-685B,10,131072,True,4x H200 SXM,Enterprise,INT4,1.358
DeepSeek-V3.2-685B,20,131072,True,4x H200 SXM,Enterprise,INT4,1.358
DeepSeek-V3.2-685B,50,131072,True,4x H200 SXM,Enterprise,INT4,1.358
DeepSeek-V3.2-685B,100,131072,True,4x H200 SXM,Enterprise,INT4,1.358
DeepSeek-V3.2-685B,200,131072,True,4x H200 SXM,Enterprise,INT4,1.358
DeepSeek-V3.2-685B,500,131072,True,4x H200 SXM,Enterprise,INT4,1.358
DeepSeek-V3.2-685B,1000,131072,True,4x H200 SXM,Enterprise,INT4,1.358
DeepSeek-V3.2-685B,2000,131072,True,4x H200 SXM,Enterprise,INT4,1.358
DeepSeek-V3.2-685B,5000,131072,False,,,,
Kimi-K2-1T,10,4096,True,8x A100 80GB,Enterprise,INT4,1.237
Kimi-K2-1T,20,4096,True,8x A100 80GB,Enterprise,INT4,1.237
Kimi-K2-1T,50,4096,True,8x A100 80GB,Enterprise,INT4,1.237
Kimi-K2-1T,100,4096,True,8x A100 80GB,Enterprise,INT4,1.237
Kimi-K2-1T,200,4096,True,8x A100 80GB,Enterprise,INT4,1.237
Kimi-K2-1T,500,4096,True,8x A100 80GB,Enterprise,INT4,1.237
Kimi-K2-1T,1000,4096,True,8x A100 80GB,Enterprise,INT4,1.237
Kimi-K2-1T,2000,4096,True,8x A100 80GB,Enterprise,INT4,1.237
Kimi-K2-1T,5000,4096,True,8x H200 SXM,Enterprise,INT4,1.381
Kimi-K2-1T,10,8192,True,8x A100 80GB,Enterprise,INT4,1.237
Kimi-K2-1T,20,8192,True,8x A100 80GB,Enterprise,INT4,1.237
Kimi-K2-1T,50,8192,True,8x A100 80GB,Enterprise,INT4,1.237
Kimi-K2-1T,100,8192,True,8x A100 80GB,Enterprise,INT4,1.237
Kimi-K2-1T,200,8192,True,8x A100 80GB,Enterprise,INT4,1.237
Kimi-K2-1T,500,8192,True,8x A100 80GB,Enterprise,INT4,1.237
Kimi-K2-1T,1000,8192,True,8x A100 80GB,Enterprise,INT4,1.237
Kimi-K2-1T,2000,8192,True,8x A100 80GB,Enterprise,INT4,1.237
Kimi-K2-1T,5000,8192,True,8x H200 SXM,Enterprise,INT4,1.381
Kimi-K2-1T,10,16384,True,8x A100 80GB,Enterprise,INT4,1.237
Kimi-K2-1T,20,16384,True,8x A100 80GB,Enterprise,INT4,1.237
Kimi-K2-1T,50,16384,True,8x A100 80GB,Enterprise,INT4,1.237
Kimi-K2-1T,100,16384,True,8x A100 80GB,Enterprise,INT4,1.237
Kimi-K2-1T,200,16384,True,8x A100 80GB,Enterprise,INT4,1.237
Kimi-K2-1T,500,16384,True,8x A100 80GB,Enterprise,INT4,1.237
Kimi-K2-1T,1000,16384,True,8x A100 80GB,Enterprise,INT4,1.237
Kimi-K2-1T,2000,16384,True,8x A100 80GB,Enterprise,INT4,1.237
Kimi-K2-1T,5000,16384,True,8x H200 SXM,Enterprise,INT4,1.381
Kimi-K2-1T,10,32768,True,8x A100 80GB,Enterprise,INT4,1.237
Kimi-K2-1T,20,32768,True,8x A100 80GB,Enterprise,INT4,1.237
Kimi-K2-1T,50,32768,True,8x A100 80GB,Enterprise,INT4,1.237
Kimi-K2-1T,100,32768,True,8x A100 80GB,Enterprise,INT4,1.237
Kimi-K2-1T,200,32768,True,8x A100 80GB,Enterprise,INT4,1.237
Kimi-K2-1T,500,32768,True,8x A100 80GB,Enterprise,INT4,1.237
Kimi-K2-1T,1000,32768,True,8x A100 80GB,Enterprise,INT4,1.237
Kimi-K2-1T,2000,32768,True,8x A100 80GB,Enterprise,INT4,1.237
Kimi-K2-1T,5000,32768,True,8x H200 SXM,Enterprise,INT4,1.381
Kimi-K2-1T,10,65536,True,8x A100 80GB,Enterprise,INT4,1.237
Kimi-K2-1T,20,65536,True,8x A100 80GB,Enterprise,INT4,1.237
Kimi-K2-1T,50,65536,True,8x A100 80GB,Enterprise,INT4,1.237
Kimi-K2-1T,100,65536,True,8x A100 80GB,Enterprise,INT4,1.237
Kimi-K2-1T,200,65536,True,8x A100 80GB,Enterprise,INT4,1.237
Kimi-K2-1T,500,65536,True,8x A100 80GB,Enterprise,INT4,1.237
Kimi-K2-1T,1000,65536,True,8x A100 80GB,Enterprise,INT4,1.237
Kimi-K2-1T,2000,65536,True,8x A100 80GB,Enterprise,INT4,1.237
Kimi-K2-1T,5000,65536,True,8x H200 SXM,Enterprise,INT4,1.381
Kimi-K2-1T,10,131072,True,8x A100 80GB,Enterprise,INT4,1.237
Kimi-K2-1T,20,131072,True,8x A100 80GB,Enterprise,INT4,1.237
Kimi-K2-1T,50,131072,True,8x A100 80GB,Enterprise,INT4,1.237
Kimi-K2-1T,100,131072,True,8x A100 80GB,Enterprise,INT4,1.237
Kimi-K2-1T,200,131072,True,8x A100 80GB,Enterprise,INT4,1.237
Kimi-K2-1T,500,131072,True,8x A100 80GB,Enterprise,INT4,1.237
Kimi-K2-1T,1000,131072,True,8x A100 80GB,Enterprise,INT4,1.237
Kimi-K2-1T,2000,131072,True,8x A100 80GB,Enterprise,INT4,1.237
Kimi-K2-1T,5000,131072,True,8x H200 SXM,Enterprise,INT4,1.381
